Question,Answer,Category
What are the best practices for system design?,"Best practices include modular design, scalability, and ensuring high availability.",System Design
How do we ensure data security in cloud services?,"We use encryption, secure access controls, and regular audits to ensure data security.",Security
Can you explain the process of software integration?,"Software integration involves API utilization, data mapping, and thorough testing.",Software Integration
What measures are in place for performance optimization?,"Performance is optimized through code profiling, load balancing, and efficient algorithms.",Performance Optimization
How is data management handled in our architecture?,"Data management is handled with a focus on data integrity, availability, and security.",Data Management
Which API design principles do we follow?,"We adhere to RESTful principles, use clear naming conventions, and ensure versioning in our APIs.",API Design
What is the role of a solution architect in infrastructure management?,"A solution architect plays a key role in planning, guiding the technical aspects, and ensuring alignment with business goals.",Infrastructure
How do we incorporate DevOps practices in our projects?,"We incorporate DevOps practices to improve collaboration, increase efficiency, and ensure faster delivery.",DevOps
Can you outline the project management methodologies used in our department?,Our department uses Agile and Scrum methodologies for effective project management.,Project Management
What strategies do we employ for resource allocation?,Resource allocation is strategically planned to align with project requirements and timelines.,Resource Management
